ID de transacción,Fecha,ID de cliente,Género,Edad,Categoría de producto,Cantidad,Precio por unidad,Importe total
1,2023-11-24,CUST001,Masculino,34,Belleza,3,50,150
2,2023-02-27,CUST002,Femenino,26,Ropa,2,500,1000
3,2023-01-13,CUST003,Masculino,50,Electrónica,1,30,30
4,2023-05-21,CUST004,Masculino,37,Ropa,1,500,500
5,2023-05-06,CUST005,Masculino,30,Belleza,2,50,100
6,2023-04-25,CUST006,Femenino,45,Belleza,1,30,30
7,2023-03-13,CUST007,Masculino,46,Ropa,2,25,50
8,2023-02-22,CUST008,Masculino,30,Electrónica,4,25,100
9,2023-12-13,CUST009,Masculino,63,Electrónica,2,300,600
10,2023-10-07,CUST010,Femenino,52,Ropa,4,50,200
11,2023-02-14,CUST011,Masculino,23,Ropa,2,50,100
12,2023-10-30,CUST012,Masculino,35,Belleza,3,25,75
13,2023-08-05,CUST013,Masculino,22,Electrónica,3,500,1500
14,2023-01-17,CUST014,Masculino,64,Ropa,4,30,120
15,2023-01-16,CUST015,Femenino,42,Electrónica,4,500,2000
16,2023-02-17,CUST016,Masculino,19,Ropa,3,500,1500
17,2023-04-22,CUST017,Femenino,27,Ropa,4,25,100
18,2023-04-30,CUST018,Femenino,47,Electrónica,2,25,50
19,2023-09-16,CUST019,Femenino,62,Ropa,2,25,50
20,2023-11-05,CUST020,Masculino,22,Ropa,3,300,900
21,2023-01-14,CUST021,Femenino,50,Belleza,1,500,500
22,2023-10-15,CUST022,Masculino,18,Ropa,2,50,100
23,2023-04-12,CUST023,Femenino,35,Ropa,4,30,120
24,2023-11-29,CUST024,Femenino,49,Ropa,1,300,300
25,2023-12-26,CUST025,Femenino,64,Belleza,1,50,50
26,2023-10-07,CUST026,Femenino,28,Electrónica,2,500,1000
27,2023-08-03,CUST027,Femenino,38,Belleza,2,25,50
28,2023-04-23,CUST028,Femenino,43,Belleza,1,500,500
29,2023-08-18,CUST029,Femenino,42,Electrónica,1,30,30
30,2023-10-29,CUST030,Femenino,39,Belleza,3,300,900
31,2023-05-23,CUST031,Masculino,44,Electrónica,4,300,1200
32,2023-01-04,CUST032,Masculino,30,Belleza,3,30,90
33,2023-03-23,CUST033,Femenino,50,Electrónica,2,50,100
34,2023-12-24,CUST034,Femenino,51,Ropa,3,50,150
35,2023-08-05,CUST035,Femenino,58,Belleza,3,300,900
36,2023-06-24,CUST036,Masculino,52,Belleza,3,300,900
37,2023-05-23,CUST037,Femenino,18,Belleza,3,25,75
38,2023-03-21,CUST038,Masculino,38,Belleza,4,50,200
39,2023-04-21,CUST039,Masculino,23,Ropa,4,30,120
40,2023-06-22,CUST040,Masculino,45,Belleza,1,50,50
41,2023-02-22,CUST041,Masculino,34,Ropa,2,25,50
42,2023-02-17,CUST042,Masculino,22,Ropa,3,300,900
43,2023-07-14,CUST043,Femenino,48,Ropa,1,300,300
44,2023-02-19,CUST044,Femenino,22,Ropa,1,25,25
45,2023-07-03,CUST045,Femenino,55,Electrónica,1,30,30
46,2023-06-26,CUST046,Femenino,20,Electrónica,4,300,1200
47,2023-11-06,CUST047,Femenino,40,Belleza,3,500,1500
48,2023-05-16,CUST048,Masculino,54,Electrónica,3,300,900
49,2023-01-23,CUST049,Femenino,54,Electrónica,2,500,1000
50,2023-08-24,CUST050,Femenino,27,Belleza,3,25,75
51,2023-10-02,CUST051,Masculino,27,Belleza,3,25,75
52,2023-03-05,CUST052,Femenino,36,Belleza,1,300,300
53,2023-07-13,CUST053,Masculino,34,Electrónica,2,50,100
54,2023-02-10,CUST054,Femenino,38,Electrónica,3,500,1500
55,2023-10-10,CUST055,Masculino,31,Belleza,4,30,120
56,2023-05-31,CUST056,Femenino,26,Ropa,3,300,900
57,2023-11-18,CUST057,Femenino,63,Belleza,1,30,30
58,2023-11-13,CUST058,Masculino,18,Ropa,4,300,1200
59,2023-07-05,CUST059,Masculino,62,Ropa,1,50,50
60,2023-10-23,CUST060,Masculino,30,Belleza,3,50,150
61,2023-04-09,CUST061,Masculino,21,Belleza,4,50,200
62,2023-12-27,CUST062,Masculino,18,Belleza,2,50,100
63,2023-02-05,CUST063,Masculino,57,Electrónica,2,25,50
64,2023-01-24,CUST064,Masculino,49,Ropa,4,25,100
65,2023-12-05,CUST065,Masculino,51,Electrónica,4,500,2000
66,2023-04-27,CUST066,Femenino,45,Electrónica,1,30,30
67,2023-05-29,CUST067,Femenino,48,Belleza,4,300,1200
68,2023-02-10,CUST068,Masculino,25,Electrónica,1,300,300
69,2023-04-30,CUST069,Femenino,56,Belleza,3,25,75
70,2023-02-21,CUST070,Femenino,43,Ropa,1,300,300
71,2023-07-14,CUST071,Femenino,51,Belleza,4,25,100
72,2023-05-23,CUST072,Femenino,20,Electrónica,4,500,2000
73,2023-08-21,CUST073,Masculino,29,Electrónica,3,30,90
74,2023-11-22,CUST074,Femenino,18,Belleza,4,500,2000
75,2023-07-06,CUST075,Masculino,61,Belleza,4,50,200
76,2023-03-25,CUST076,Femenino,22,Electrónica,2,50,100
77,2023-07-09,CUST077,Femenino,47,Ropa,2,50,100
78,2023-07-01,CUST078,Femenino,47,Ropa,3,500,1500
79,2023-04-18,CUST079,Masculino,34,Belleza,1,300,300
80,2023-12-10,CUST080,Femenino,64,Ropa,2,30,60
81,2023-05-17,CUST081,Masculino,40,Electrónica,1,50,50
82,2023-12-26,CUST082,Femenino,32,Belleza,4,50,200
83,2023-12-16,CUST083,Masculino,54,Electrónica,2,50,100
84,2023-11-28,CUST084,Femenino,38,Electrónica,3,30,90
85,2023-02-06,CUST085,Masculino,31,Ropa,3,50,150
86,2023-11-08,CUST086,Masculino,19,Belleza,3,30,90
87,2023-11-22,CUST087,Femenino,28,Belleza,2,50,100
88,2023-03-29,CUST088,Masculino,56,Ropa,1,500,500
89,2023-10-01,CUST089,Femenino,55,Electrónica,4,500,2000
90,2023-05-06,CUST090,Femenino,51,Electrónica,1,30,30
91,2023-03-25,CUST091,Femenino,55,Electrónica,1,500,500
92,2023-08-25,CUST092,Femenino,51,Electrónica,4,30,120
93,2023-07-14,CUST093,Femenino,35,Belleza,4,500,2000
94,2023-05-19,CUST094,Femenino,47,Belleza,2,500,1000
95,2023-11-24,CUST095,Femenino,32,Ropa,2,30,60
96,2023-12-19,CUST096,Femenino,44,Ropa,2,300,600
97,2023-10-13,CUST097,Femenino,51,Belleza,2,500,1000
98,2023-04-23,CUST098,Femenino,55,Belleza,2,50,100
99,2023-12-17,CUST099,Femenino,50,Electrónica,4,300,1200
100,2023-06-16,CUST100,Masculino,41,Electrónica,1,30,30
101,2023-01-29,CUST101,Masculino,32,Ropa,2,300,600
102,2023-04-28,CUST102,Femenino,47,Belleza,2,25,50
103,2023-01-17,CUST103,Femenino,59,Ropa,1,25,25
104,2023-06-11,CUST104,Femenino,34,Belleza,2,500,1000
105,2023-07-25,CUST105,Femenino,22,Electrónica,1,500,500
106,2023-05-18,CUST106,Femenino,46,Ropa,1,50,50
107,2023-02-03,CUST107,Femenino,21,Ropa,4,300,1200
108,2023-04-19,CUST108,Femenino,27,Belleza,3,25,75
109,2023-10-18,CUST109,Femenino,34,Electrónica,4,500,2000
110,2023-06-11,CUST110,Masculino,27,Ropa,3,300,900
111,2023-04-19,CUST111,Femenino,34,Electrónica,3,500,1500
112,2023-12-02,CUST112,Masculino,37,Ropa,3,500,1500
113,2023-09-13,CUST113,Femenino,41,Electrónica,2,25,50
114,2023-07-22,CUST114,Femenino,22,Belleza,4,25,100
115,2023-11-26,CUST115,Masculino,51,Ropa,3,500,1500
116,2023-08-23,CUST116,Femenino,23,Ropa,1,30,30
117,2023-03-15,CUST117,Masculino,19,Electrónica,2,500,1000
118,2023-05-16,CUST118,Femenino,30,Electrónica,4,500,2000
119,2023-03-13,CUST119,Femenino,60,Ropa,3,50,150
120,2023-05-07,CUST120,Masculino,60,Belleza,1,50,50
121,2023-10-15,CUST121,Femenino,28,Electrónica,4,50,200
122,2023-10-03,CUST122,Masculino,64,Electrónica,4,30,120
123,2023-05-15,CUST123,Femenino,40,Electrónica,2,30,60
124,2023-10-27,CUST124,Masculino,33,Ropa,4,500,2000
125,2023-08-08,CUST125,Masculino,48,Ropa,2,50,100
126,2023-10-26,CUST126,Femenino,28,Ropa,3,30,90
127,2023-07-24,CUST127,Femenino,33,Ropa,2,25,50
128,2023-07-05,CUST128,Masculino,25,Belleza,1,500,500
129,2023-04-23,CUST129,Femenino,21,Belleza,2,300,600
130,2023-03-12,CUST130,Femenino,57,Ropa,1,500,500
131,2023-09-18,CUST131,Femenino,21,Belleza,2,300,600
132,2023-09-10,CUST132,Masculino,42,Electrónica,4,50,200
133,2023-02-16,CUST133,Masculino,20,Electrónica,3,300,900
134,2023-01-25,CUST134,Masculino,49,Electrónica,1,50,50
135,2023-02-26,CUST135,Masculino,20,Ropa,2,25,50
136,2023-03-20,CUST136,Masculino,44,Electrónica,2,300,600
137,2023-11-18,CUST137,Masculino,46,Belleza,2,500,1000
138,2023-03-23,CUST138,Masculino,49,Ropa,4,50,200
139,2023-12-15,CUST139,Masculino,36,Belleza,4,500,2000
140,2023-08-05,CUST140,Masculino,38,Electrónica,1,30,30
141,2023-11-02,CUST141,Femenino,22,Electrónica,1,50,50
142,2023-02-02,CUST142,Masculino,35,Electrónica,4,300,1200
143,2023-07-17,CUST143,Femenino,45,Ropa,1,50,50
144,2023-07-15,CUST144,Femenino,59,Belleza,3,500,1500
145,2023-11-02,CUST145,Femenino,39,Ropa,3,25,75
146,2023-08-28,CUST146,Masculino,38,Ropa,4,50,200
147,2023-09-28,CUST147,Masculino,23,Electrónica,1,300,300
148,2023-05-09,CUST148,Masculino,18,Ropa,2,30,60
149,2023-10-11,CUST149,Masculino,22,Ropa,3,25,75
150,2023-01-06,CUST150,Femenino,58,Electrónica,4,30,120
151,2023-12-15,CUST151,Masculino,29,Ropa,1,50,50
152,2023-02-28,CUST152,Masculino,43,Electrónica,4,500,2000
153,2023-12-16,CUST153,Masculino,63,Electrónica,2,500,1000
154,2023-10-02,CUST154,Masculino,51,Electrónica,3,300,900
155,2023-05-17,CUST155,Masculino,31,Electrónica,4,500,2000
156,2023-11-25,CUST156,Femenino,43,Ropa,4,25,100
157,2023-06-24,CUST157,Masculino,62,Electrónica,4,500,2000
158,2023-02-27,CUST158,Femenino,44,Electrónica,2,300,600
159,2023-05-31,CUST159,Masculino,26,Ropa,4,50,200
160,2023-08-11,CUST160,Femenino,43,Ropa,2,50,100
161,2023-03-22,CUST161,Masculino,64,Belleza,2,500,1000
162,2023-08-21,CUST162,Masculino,39,Ropa,2,30,60
163,2023-01-02,CUST163,Femenino,64,Ropa,3,50,150
164,2023-05-15,CUST164,Femenino,47,Belleza,3,500,1500
165,2023-09-14,CUST165,Femenino,60,Ropa,4,300,1200
166,2023-04-02,CUST166,Masculino,34,Ropa,4,500,2000
167,2023-09-17,CUST167,Femenino,43,Ropa,3,50,150
168,2023-02-24,CUST168,Masculino,53,Ropa,1,300,300
169,2023-11-17,CUST169,Masculino,18,Belleza,3,500,1500
170,2023-06-02,CUST170,Femenino,25,Ropa,2,25,50
171,2023-11-24,CUST171,Femenino,52,Ropa,3,300,900
172,2023-09-17,CUST172,Masculino,32,Belleza,2,25,50
173,2023-11-08,CUST173,Masculino,64,Electrónica,4,30,120
174,2023-04-12,CUST174,Femenino,39,Belleza,1,300,300
175,2023-03-20,CUST175,Femenino,31,Electrónica,4,25,100
176,2023-07-11,CUST176,Femenino,43,Belleza,2,50,100
177,2023-03-24,CUST177,Masculino,45,Belleza,2,50,100
178,2023-10-04,CUST178,Masculino,40,Ropa,2,30,60
179,2023-09-29,CUST179,Masculino,31,Electrónica,1,300,300
180,2023-01-01,CUST180,Masculino,41,Ropa,3,300,900
181,2023-11-03,CUST181,Masculino,19,Electrónica,4,300,1200
182,2023-06-15,CUST182,Masculino,62,Belleza,4,30,120
183,2023-09-08,CUST183,Femenino,43,Belleza,3,300,900
184,2023-01-10,CUST184,Masculino,31,Electrónica,4,50,200
185,2023-02-27,CUST185,Masculino,24,Ropa,1,25,25
186,2023-07-05,CUST186,Masculino,20,Ropa,4,50,200
187,2023-06-07,CUST187,Femenino,64,Ropa,2,50,100
188,2023-05-03,CUST188,Masculino,40,Ropa,3,25,75
189,2023-01-30,CUST189,Masculino,63,Belleza,1,50,50
190,2023-05-04,CUST190,Femenino,60,Belleza,3,30,90
191,2023-10-18,CUST191,Masculino,64,Belleza,1,25,25
192,2023-02-10,CUST192,Masculino,62,Belleza,2,50,100
193,2023-02-13,CUST193,Masculino,35,Belleza,3,500,1500
194,2023-09-06,CUST194,Masculino,55,Ropa,4,50,200
195,2023-02-05,CUST195,Masculino,52,Ropa,1,30,30
196,2023-09-30,CUST196,Femenino,32,Ropa,3,300,900
197,2023-03-06,CUST197,Femenino,42,Ropa,4,50,200
198,2023-03-07,CUST198,Femenino,54,Belleza,3,300,900
199,2023-12-04,CUST199,Masculino,45,Belleza,3,500,1500
200,2023-09-01,CUST200,Masculino,27,Belleza,3,50,150
201,2023-10-09,CUST201,Masculino,56,Electrónica,1,25,25
202,2023-03-26,CUST202,Femenino,34,Ropa,4,300,1200
203,2023-05-16,CUST203,Masculino,56,Ropa,2,500,1000
204,2023-09-28,CUST204,Masculino,39,Belleza,1,25,25
205,2023-11-07,CUST205,Femenino,43,Ropa,1,25,25
206,2023-08-05,CUST206,Masculino,61,Ropa,1,25,25
207,2023-04-19,CUST207,Femenino,42,Belleza,2,25,50
208,2023-10-04,CUST208,Femenino,34,Electrónica,4,50,200
209,2023-12-20,CUST209,Femenino,30,Electrónica,4,50,200
210,2023-04-13,CUST210,Masculino,37,Electrónica,4,50,200
211,2024-01-01,CUST211,Masculino,42,Belleza,3,500,1500
212,2023-06-09,CUST212,Masculino,21,Ropa,3,500,1500
213,2023-07-24,CUST213,Masculino,27,Belleza,3,500,1500
214,2023-12-10,CUST214,Masculino,20,Belleza,2,30,60
215,2023-11-29,CUST215,Masculino,58,Ropa,3,500,1500
216,2023-07-11,CUST216,Masculino,62,Electrónica,2,50,100
217,2023-08-13,CUST217,Femenino,35,Electrónica,4,50,200
218,2023-09-22,CUST218,Masculino,64,Belleza,3,30,90
219,2023-08-20,CUST219,Femenino,53,Electrónica,3,30,90
220,2023-03-03,CUST220,Masculino,64,Belleza,1,500,500
221,2023-05-07,CUST221,Masculino,39,Belleza,2,300,600
222,2023-04-26,CUST222,Masculino,51,Ropa,4,30,120
223,2023-02-02,CUST223,Femenino,64,Ropa,1,25,25
224,2023-06-23,CUST224,Femenino,25,Ropa,1,50,50
225,2023-01-11,CUST225,Femenino,57,Belleza,4,25,100
226,2023-10-29,CUST226,Femenino,61,Ropa,1,50,50
227,2023-10-11,CUST227,Masculino,36,Electrónica,2,50,100
228,2023-04-28,CUST228,Femenino,59,Electrónica,2,30,60
229,2023-10-29,CUST229,Masculino,58,Belleza,3,30,90
230,2023-04-23,CUST230,Masculino,54,Belleza,1,25,25
231,2023-01-04,CUST231,Femenino,23,Ropa,3,50,150
232,2023-02-06,CUST232,Femenino,43,Belleza,1,25,25
233,2023-12-29,CUST233,Femenino,51,Belleza,2,300,600
234,2023-11-20,CUST234,Femenino,62,Electrónica,2,25,50
235,2023-01-31,CUST235,Femenino,23,Electrónica,2,500,1000
236,2023-04-28,CUST236,Femenino,54,Ropa,1,25,25
237,2023-02-04,CUST237,Femenino,50,Belleza,2,500,1000
238,2023-01-17,CUST238,Femenino,39,Belleza,1,500,500
239,2023-06-19,CUST239,Masculino,38,Electrónica,3,500,1500
240,2023-02-06,CUST240,Femenino,23,Belleza,1,300,300
241,2023-09-21,CUST241,Femenino,23,Electrónica,3,25,75
242,2023-05-02,CUST242,Masculino,21,Ropa,1,25,25
243,2023-05-23,CUST243,Femenino,47,Electrónica,3,300,900
244,2023-12-09,CUST244,Masculino,28,Belleza,2,50,100
245,2023-09-06,CUST245,Masculino,47,Ropa,3,30,90
246,2023-04-20,CUST246,Femenino,48,Electrónica,2,25,50
247,2023-10-04,CUST247,Masculino,41,Electrónica,2,30,60
248,2023-03-09,CUST248,Masculino,26,Ropa,3,300,900
249,2023-10-20,CUST249,Masculino,20,Ropa,1,50,50
250,2023-10-23,CUST250,Masculino,48,Electrónica,1,50,50
251,2023-08-31,CUST251,Femenino,57,Belleza,4,50,200
252,2023-05-05,CUST252,Masculino,54,Electrónica,1,300,300
253,2023-08-31,CUST253,Femenino,53,Ropa,4,500,2000
254,2023-07-28,CUST254,Masculino,41,Electrónica,1,500,500
255,2023-04-08,CUST255,Masculino,48,Ropa,1,30,30
256,2023-02-18,CUST256,Masculino,23,Ropa,2,500,1000
257,2023-02-19,CUST257,Masculino,19,Belleza,4,500,2000
258,2023-12-04,CUST258,Femenino,37,Ropa,1,50,50
259,2023-08-09,CUST259,Femenino,45,Ropa,4,50,200
260,2023-07-01,CUST260,Masculino,28,Belleza,2,30,60
261,2023-08-05,CUST261,Masculino,21,Ropa,2,25,50
262,2023-07-30,CUST262,Femenino,32,Belleza,4,30,120
263,2023-08-28,CUST263,Masculino,23,Belleza,2,30,60
264,2023-01-28,CUST264,Masculino,47,Ropa,3,300,900
265,2023-12-11,CUST265,Masculino,55,Ropa,3,300,900
266,2023-12-01,CUST266,Femenino,19,Electrónica,2,30,60
267,2023-11-27,CUST267,Femenino,32,Belleza,3,30,90
268,2023-02-20,CUST268,Femenino,28,Electrónica,1,30,30
269,2023-02-01,CUST269,Masculino,25,Ropa,4,500,2000
270,2023-07-26,CUST270,Masculino,43,Electrónica,1,300,300
271,2023-06-23,CUST271,Femenino,62,Belleza,4,30,120
272,2023-02-25,CUST272,Femenino,61,Electrónica,2,50,100
273,2023-05-08,CUST273,Femenino,22,Belleza,1,50,50
274,2023-04-09,CUST274,Femenino,23,Ropa,2,500,1000
275,2023-04-08,CUST275,Masculino,43,Ropa,2,500,1000
276,2023-10-02,CUST276,Femenino,21,Belleza,4,25,100
277,2023-08-18,CUST277,Masculino,36,Ropa,4,25,100
278,2023-03-13,CUST278,Femenino,37,Ropa,4,25,100
279,2023-08-05,CUST279,Masculino,50,Ropa,1,500,500
280,2023-04-04,CUST280,Femenino,37,Ropa,3,500,1500
281,2023-05-23,CUST281,Femenino,29,Belleza,4,500,2000
282,2023-08-25,CUST282,Femenino,64,Electrónica,4,50,200
283,2023-05-08,CUST283,Femenino,18,Electrónica,1,500,500
284,2023-02-08,CUST284,Masculino,43,Ropa,4,50,200
285,2023-08-15,CUST285,Femenino,31,Electrónica,1,25,25
286,2023-10-09,CUST286,Masculino,55,Electrónica,2,25,50
287,2023-02-20,CUST287,Masculino,54,Ropa,4,25,100
288,2023-01-26,CUST288,Masculino,28,Ropa,4,30,120
289,2023-11-30,CUST289,Masculino,53,Electrónica,2,30,60
290,2023-10-04,CUST290,Femenino,30,Belleza,2,300,600
291,2023-01-08,CUST291,Masculino,60,Ropa,2,300,600
292,2023-02-17,CUST292,Masculino,20,Belleza,4,300,1200
293,2023-05-02,CUST293,Masculino,50,Electrónica,3,30,90
294,2023-03-27,CUST294,Femenino,23,Ropa,3,30,90
295,2023-07-28,CUST295,Femenino,27,Belleza,3,300,900
296,2023-09-06,CUST296,Femenino,22,Ropa,4,300,1200
297,2023-09-04,CUST297,Femenino,40,Electrónica,2,500,1000
298,2023-04-20,CUST298,Masculino,27,Belleza,4,300,1200
299,2023-07-25,CUST299,Masculino,61,Electrónica,2,500,1000
300,2023-01-31,CUST300,Femenino,19,Electrónica,4,50,200
301,2023-03-26,CUST301,Masculino,30,Ropa,4,30,120
302,2023-07-14,CUST302,Masculino,57,Belleza,2,300,600
303,2023-01-02,CUST303,Masculino,19,Electrónica,3,30,90
304,2023-07-19,CUST304,Femenino,37,Electrónica,2,30,60
305,2023-05-16,CUST305,Femenino,18,Belleza,1,30,30
306,2023-08-21,CUST306,Masculino,54,Electrónica,1,50,50
307,2023-05-27,CUST307,Femenino,26,Electrónica,2,25,50
308,2023-08-05,CUST308,Femenino,34,Belleza,4,300,1200
309,2023-12-23,CUST309,Femenino,26,Belleza,1,25,25
310,2023-10-12,CUST310,Femenino,28,Belleza,1,25,25
311,2023-12-05,CUST311,Femenino,32,Belleza,4,25,100
312,2023-09-07,CUST312,Masculino,41,Ropa,4,30,120
313,2023-03-21,CUST313,Femenino,55,Belleza,3,500,1500
314,2023-04-08,CUST314,Masculino,52,Ropa,4,30,120
315,2023-06-01,CUST315,Masculino,47,Ropa,2,30,60
316,2023-04-22,CUST316,Femenino,48,Ropa,2,25,50
317,2023-01-30,CUST317,Masculino,22,Electrónica,3,30,90
318,2023-10-24,CUST318,Masculino,61,Ropa,1,25,25
319,2023-10-05,CUST319,Masculino,31,Ropa,1,500,500
320,2023-02-01,CUST320,Femenino,28,Electrónica,4,300,1200
321,2023-06-10,CUST321,Femenino,26,Electrónica,2,25,50
322,2023-01-30,CUST322,Masculino,51,Electrónica,1,500,500
323,2023-01-26,CUST323,Femenino,29,Belleza,3,300,900
324,2023-10-27,CUST324,Femenino,52,Electrónica,3,50,150
325,2023-09-02,CUST325,Femenino,52,Electrónica,2,25,50
326,2023-09-15,CUST326,Femenino,18,Ropa,3,25,75
327,2023-09-29,CUST327,Masculino,57,Electrónica,3,50,150
328,2023-03-22,CUST328,Masculino,39,Belleza,2,50,100
329,2023-01-30,CUST329,Femenino,46,Electrónica,4,25,100
330,2023-09-18,CUST330,Femenino,25,Belleza,4,50,200
331,2023-02-11,CUST331,Masculino,28,Electrónica,3,30,90
332,2023-04-06,CUST332,Masculino,58,Electrónica,4,300,1200
333,2023-02-05,CUST333,Femenino,54,Electrónica,4,300,1200
334,2023-11-01,CUST334,Masculino,31,Electrónica,3,300,900
335,2023-02-04,CUST335,Femenino,47,Belleza,4,30,120
336,2023-12-12,CUST336,Femenino,52,Belleza,3,50,150
337,2023-05-01,CUST337,Masculino,38,Ropa,1,500,500
338,2023-07-26,CUST338,Masculino,54,Belleza,2,50,100
339,2023-03-03,CUST339,Femenino,22,Electrónica,2,25,50
340,2023-10-19,CUST340,Femenino,36,Ropa,4,300,1200
341,2023-05-07,CUST341,Masculino,31,Ropa,4,50,200
342,2023-10-24,CUST342,Femenino,43,Ropa,4,500,2000
343,2023-11-01,CUST343,Masculino,21,Electrónica,2,25,50
344,2023-01-21,CUST344,Femenino,42,Belleza,1,30,30
345,2023-11-14,CUST345,Masculino,62,Electrónica,1,30,30
346,2023-02-11,CUST346,Masculino,59,Ropa,2,500,1000
347,2023-08-03,CUST347,Masculino,42,Electrónica,1,25,25
348,2023-12-03,CUST348,Femenino,35,Electrónica,2,300,600
349,2023-10-26,CUST349,Femenino,57,Belleza,1,50,50
350,2023-10-17,CUST350,Masculino,25,Belleza,3,25,75
351,2023-09-25,CUST351,Femenino,56,Ropa,3,30,90
352,2023-06-11,CUST352,Masculino,57,Electrónica,2,500,1000
353,2023-05-14,CUST353,Masculino,31,Electrónica,1,500,500
354,2023-04-15,CUST354,Femenino,49,Belleza,4,50,200
355,2023-12-09,CUST355,Femenino,55,Electrónica,1,500,500
356,2023-06-10,CUST356,Masculino,50,Electrónica,3,500,1500
357,2023-05-03,CUST357,Femenino,40,Electrónica,3,25,75
358,2023-05-16,CUST358,Femenino,32,Belleza,1,300,300
359,2023-07-22,CUST359,Masculino,50,Ropa,1,50,50
360,2023-03-09,CUST360,Masculino,42,Ropa,4,25,100
361,2023-12-10,CUST361,Femenino,34,Electrónica,4,300,1200
362,2023-11-27,CUST362,Masculino,50,Ropa,1,25,25
363,2023-06-03,CUST363,Masculino,64,Belleza,1,25,25
364,2023-08-23,CUST364,Femenino,19,Belleza,1,500,500
365,2023-06-11,CUST365,Masculino,31,Ropa,1,300,300
366,2023-02-07,CUST366,Masculino,57,Ropa,2,50,100
367,2023-01-05,CUST367,Femenino,57,Electrónica,1,50,50
368,2023-08-23,CUST368,Femenino,56,Ropa,4,300,1200
369,2023-11-15,CUST369,Masculino,23,Electrónica,3,500,1500
370,2023-10-16,CUST370,Masculino,23,Electrónica,2,30,60
371,2023-02-21,CUST371,Femenino,20,Belleza,1,25,25
372,2023-02-07,CUST372,Femenino,24,Belleza,3,500,1500
373,2023-10-03,CUST373,Femenino,25,Belleza,2,300,600
374,2023-04-20,CUST374,Femenino,59,Belleza,3,25,75
375,2023-09-17,CUST375,Masculino,32,Ropa,1,50,50
376,2023-05-16,CUST376,Femenino,64,Belleza,1,30,30
377,2023-03-09,CUST377,Femenino,46,Ropa,4,50,200
378,2023-06-28,CUST378,Masculino,50,Belleza,1,300,300
379,2023-02-05,CUST379,Femenino,47,Ropa,1,25,25
380,2023-05-06,CUST380,Masculino,56,Electrónica,2,300,600
381,2023-07-09,CUST381,Femenino,44,Ropa,4,25,100
382,2023-05-26,CUST382,Femenino,53,Ropa,2,500,1000
383,2023-03-22,CUST383,Femenino,46,Belleza,3,30,90
384,2023-08-13,CUST384,Masculino,55,Ropa,1,500,500
385,2023-10-06,CUST385,Masculino,50,Electrónica,3,500,1500
386,2023-12-27,CUST386,Femenino,54,Electrónica,2,300,600
387,2023-06-04,CUST387,Masculino,44,Belleza,1,30,30
388,2023-11-10,CUST388,Masculino,50,Electrónica,1,25,25
389,2023-12-01,CUST389,Masculino,21,Ropa,2,25,50
390,2023-09-28,CUST390,Masculino,39,Electrónica,2,50,100
391,2023-01-05,CUST391,Masculino,19,Belleza,2,25,50
392,2023-12-08,CUST392,Masculino,27,Ropa,2,300,600
393,2023-10-11,CUST393,Femenino,22,Belleza,2,500,1000
394,2023-06-03,CUST394,Femenino,27,Ropa,1,500,500
395,2023-12-06,CUST395,Masculino,50,Electrónica,2,500,1000
396,2023-02-23,CUST396,Femenino,55,Belleza,1,30,30
397,2023-03-10,CUST397,Femenino,30,Belleza,1,25,25
398,2023-05-16,CUST398,Femenino,48,Ropa,2,300,600
399,2023-03-01,CUST399,Femenino,64,Belleza,2,30,60
400,2023-02-24,CUST400,Masculino,53,Ropa,4,50,200
401,2023-10-11,CUST401,Femenino,62,Ropa,1,300,300
402,2023-03-21,CUST402,Femenino,41,Ropa,2,300,600
403,2023-05-20,CUST403,Masculino,32,Ropa,2,300,600
404,2023-05-25,CUST404,Masculino,46,Electrónica,2,500,1000
405,2023-11-06,CUST405,Femenino,25,Ropa,4,300,1200
406,2023-04-18,CUST406,Femenino,22,Belleza,4,25,100
407,2023-06-25,CUST407,Femenino,46,Electrónica,3,300,900
408,2023-04-15,CUST408,Femenino,64,Belleza,1,500,500
409,2023-12-18,CUST409,Femenino,21,Electrónica,3,300,900
410,2023-11-21,CUST410,Femenino,29,Ropa,2,50,100
411,2023-05-16,CUST411,Masculino,62,Electrónica,4,50,200
412,2023-09-16,CUST412,Femenino,19,Electrónica,4,500,2000
413,2023-09-08,CUST413,Femenino,44,Belleza,3,25,75
414,2023-05-09,CUST414,Masculino,48,Belleza,4,25,100
415,2023-01-27,CUST415,Masculino,53,Ropa,2,30,60
416,2023-02-17,CUST416,Masculino,53,Electrónica,4,500,2000
417,2023-11-21,CUST417,Masculino,43,Electrónica,3,300,900
418,2023-08-05,CUST418,Femenino,60,Electrónica,2,500,1000
419,2023-05-22,CUST419,Femenino,44,Ropa,3,30,90
420,2023-01-23,CUST420,Femenino,22,Ropa,4,500,2000
421,2023-01-02,CUST421,Femenino,37,Ropa,3,500,1500
422,2023-06-20,CUST422,Femenino,28,Ropa,3,30,90
423,2023-03-08,CUST423,Femenino,27,Ropa,1,25,25
424,2023-11-23,CUST424,Masculino,57,Belleza,4,300,1200
425,2023-05-15,CUST425,Femenino,55,Electrónica,4,30,120
426,2023-03-24,CUST426,Masculino,23,Electrónica,3,50,150
427,2023-08-15,CUST427,Masculino,25,Electrónica,1,25,25
428,2023-10-10,CUST428,Femenino,40,Electrónica,4,50,200
429,2023-12-28,CUST429,Masculino,64,Electrónica,2,25,50
430,2023-08-07,CUST430,Femenino,43,Electrónica,3,300,900
431,2023-10-15,CUST431,Masculino,63,Electrónica,4,300,1200
432,2023-01-05,CUST432,Femenino,60,Electrónica,2,500,1000
433,2023-02-27,CUST433,Masculino,29,Belleza,4,50,200
434,2023-02-08,CUST434,Femenino,43,Electrónica,2,25,50
435,2023-12-20,CUST435,Femenino,30,Belleza,3,300,900
436,2023-03-18,CUST436,Femenino,57,Ropa,4,30,120
437,2023-10-07,CUST437,Femenino,35,Electrónica,4,300,1200
438,2023-01-19,CUST438,Femenino,42,Ropa,1,30,30
439,2023-07-09,CUST439,Masculino,50,Ropa,3,25,75
440,2023-10-26,CUST440,Masculino,64,Ropa,2,300,600
441,2023-10-10,CUST441,Masculino,57,Belleza,4,300,1200
442,2023-03-17,CUST442,Femenino,60,Ropa,4,25,100
443,2023-08-09,CUST443,Masculino,29,Ropa,2,300,600
444,2023-03-07,CUST444,Femenino,61,Ropa,3,30,90
445,2023-01-22,CUST445,Femenino,53,Electrónica,1,300,300
446,2023-06-07,CUST446,Masculino,21,Electrónica,1,50,50
447,2023-07-06,CUST447,Masculino,22,Belleza,4,500,2000
448,2023-01-21,CUST448,Femenino,54,Belleza,2,30,60
449,2023-07-03,CUST449,Masculino,25,Electrónica,4,50,200
450,2023-04-18,CUST450,Femenino,59,Belleza,2,25,50
451,2023-12-16,CUST451,Femenino,45,Electrónica,1,30,30
452,2023-05-08,CUST452,Femenino,48,Ropa,3,500,1500
453,2023-12-08,CUST453,Femenino,26,Ropa,2,500,1000
454,2023-02-22,CUST454,Femenino,46,Belleza,1,25,25
455,2023-07-01,CUST455,Masculino,31,Electrónica,4,25,100
456,2023-10-14,CUST456,Masculino,57,Electrónica,2,30,60
457,2023-07-28,CUST457,Femenino,58,Belleza,3,300,900
458,2023-11-14,CUST458,Femenino,39,Electrónica,4,25,100
459,2023-03-21,CUST459,Masculino,28,Ropa,4,300,1200
460,2023-05-02,CUST460,Masculino,40,Belleza,1,50,50
461,2023-03-25,CUST461,Femenino,18,Belleza,2,500,1000
462,2023-04-01,CUST462,Masculino,63,Electrónica,4,300,1200
463,2023-07-31,CUST463,Femenino,54,Belleza,3,500,1500
464,2023-01-13,CUST464,Masculino,38,Electrónica,2,300,600
465,2023-04-02,CUST465,Femenino,43,Electrónica,3,50,150
466,2023-06-20,CUST466,Masculino,63,Electrónica,4,25,100
467,2023-07-30,CUST467,Femenino,53,Electrónica,3,50,150
468,2023-12-09,CUST468,Masculino,40,Electrónica,1,25,25
469,2023-05-08,CUST469,Masculino,18,Belleza,3,25,75
470,2023-05-17,CUST470,Femenino,57,Ropa,2,500,1000
471,2023-03-23,CUST471,Masculino,32,Ropa,3,50,150
472,2023-12-26,CUST472,Femenino,38,Belleza,3,300,900
473,2023-02-25,CUST473,Masculino,64,Belleza,1,50,50
474,2023-07-15,CUST474,Femenino,26,Ropa,3,500,1500
475,2023-01-20,CUST475,Masculino,26,Ropa,3,25,75
476,2023-08-29,CUST476,Femenino,27,Ropa,4,500,2000
477,2023-04-24,CUST477,Masculino,43,Ropa,4,30,120
478,2023-04-13,CUST478,Femenino,58,Ropa,2,30,60
479,2023-08-24,CUST479,Masculino,52,Electrónica,4,300,1200
480,2023-06-29,CUST480,Femenino,42,Belleza,4,500,2000
481,2023-06-06,CUST481,Femenino,43,Electrónica,4,300,1200
482,2023-04-27,CUST482,Femenino,28,Ropa,4,300,1200
483,2023-04-25,CUST483,Masculino,55,Ropa,1,30,30
484,2023-01-13,CUST484,Femenino,19,Ropa,4,300,1200
485,2023-12-04,CUST485,Masculino,24,Electrónica,1,30,30
486,2023-04-09,CUST486,Femenino,35,Electrónica,1,25,25
487,2023-07-24,CUST487,Masculino,44,Ropa,4,500,2000
488,2023-06-18,CUST488,Femenino,51,Electrónica,3,300,900
489,2023-05-23,CUST489,Masculino,44,Electrónica,1,30,30
490,2023-02-05,CUST490,Masculino,34,Ropa,3,50,150
491,2023-05-23,CUST491,Femenino,60,Electrónica,3,300,900
492,2023-06-29,CUST492,Masculino,61,Belleza,4,25,100
493,2023-11-25,CUST493,Masculino,41,Belleza,2,25,50
494,2023-09-18,CUST494,Femenino,42,Belleza,4,50,200
495,2023-07-24,CUST495,Masculino,24,Belleza,2,30,60
496,2023-12-14,CUST496,Masculino,23,Ropa,2,300,600
497,2023-10-02,CUST497,Masculino,41,Ropa,4,30,120
498,2023-06-19,CUST498,Femenino,50,Ropa,4,25,100
499,2023-01-15,CUST499,Masculino,46,Belleza,2,30,60
500,2023-03-01,CUST500,Femenino,60,Belleza,4,25,100
501,2023-05-14,CUST501,Masculino,39,Electrónica,2,30,60
502,2023-04-02,CUST502,Masculino,43,Electrónica,3,50,150
503,2023-10-25,CUST503,Masculino,45,Belleza,4,500,2000
504,2023-05-16,CUST504,Femenino,38,Belleza,3,50,150
505,2023-01-20,CUST505,Masculino,24,Belleza,1,50,50
506,2023-02-25,CUST506,Masculino,34,Belleza,3,500,1500
507,2023-11-02,CUST507,Femenino,37,Electrónica,3,500,1500
508,2023-08-11,CUST508,Masculino,58,Belleza,2,300,600
509,2023-06-26,CUST509,Femenino,37,Electrónica,3,300,900
510,2023-06-10,CUST510,Femenino,39,Belleza,4,50,200
511,2023-08-12,CUST511,Masculino,45,Belleza,2,50,100
512,2023-11-07,CUST512,Femenino,57,Belleza,1,25,25
513,2023-09-19,CUST513,Masculino,24,Electrónica,4,25,100
514,2023-03-01,CUST514,Femenino,18,Electrónica,1,300,300
515,2023-07-17,CUST515,Femenino,49,Ropa,3,300,900
516,2023-10-23,CUST516,Masculino,30,Belleza,4,25,100
517,2023-04-08,CUST517,Femenino,47,Ropa,4,25,100
518,2023-05-11,CUST518,Femenino,40,Ropa,1,30,30
519,2023-01-23,CUST519,Femenino,36,Electrónica,4,30,120
520,2023-12-29,CUST520,Femenino,49,Electrónica,4,25,100
521,2023-08-12,CUST521,Femenino,47,Ropa,4,30,120
522,2023-01-01,CUST522,Masculino,46,Belleza,3,500,1500
523,2023-09-24,CUST523,Femenino,62,Electrónica,1,300,300
524,2023-10-03,CUST524,Masculino,46,Belleza,4,300,1200
525,2023-12-18,CUST525,Femenino,47,Belleza,2,25,50
526,2023-12-10,CUST526,Masculino,33,Ropa,2,50,100
527,2023-04-11,CUST527,Masculino,57,Ropa,2,25,50
528,2023-07-06,CUST528,Femenino,36,Ropa,2,30,60
529,2023-08-09,CUST529,Femenino,35,Ropa,3,50,150
530,2023-02-05,CUST530,Femenino,18,Electrónica,4,30,120
531,2023-12-07,CUST531,Masculino,31,Electrónica,1,500,500
532,2023-06-19,CUST532,Femenino,64,Ropa,4,30,120
533,2023-11-16,CUST533,Masculino,19,Electrónica,3,500,1500
534,2023-06-10,CUST534,Masculino,45,Ropa,2,500,1000
535,2023-12-06,CUST535,Masculino,47,Belleza,3,30,90
536,2023-03-05,CUST536,Femenino,55,Belleza,4,30,120
537,2023-06-03,CUST537,Femenino,21,Belleza,1,500,500
538,2023-09-17,CUST538,Masculino,18,Ropa,3,50,150
539,2023-06-08,CUST539,Masculino,25,Belleza,1,500,500
540,2023-12-08,CUST540,Femenino,46,Electrónica,3,300,900
541,2023-07-29,CUST541,Masculino,56,Belleza,1,500,500
542,2023-06-17,CUST542,Femenino,20,Belleza,1,50,50
543,2023-07-26,CUST543,Masculino,49,Belleza,2,300,600
544,2023-12-23,CUST544,Femenino,27,Electrónica,1,25,25
545,2023-06-01,CUST545,Masculino,27,Ropa,2,25,50
546,2023-10-11,CUST546,Femenino,36,Electrónica,4,50,200
547,2023-03-07,CUST547,Masculino,63,Ropa,4,500,2000
548,2023-04-09,CUST548,Femenino,51,Ropa,2,30,60
549,2023-08-04,CUST549,Femenino,50,Belleza,2,50,100
550,2023-12-07,CUST550,Masculino,40,Ropa,3,300,900
551,2023-07-14,CUST551,Masculino,45,Electrónica,3,300,900
552,2023-12-13,CUST552,Femenino,49,Electrónica,3,25,75
553,2023-03-31,CUST553,Masculino,24,Ropa,4,300,1200
554,2023-11-12,CUST554,Femenino,46,Belleza,3,50,150
555,2023-10-19,CUST555,Masculino,25,Belleza,1,300,300
556,2023-06-04,CUST556,Femenino,18,Electrónica,1,50,50
557,2023-07-27,CUST557,Femenino,20,Belleza,3,30,90
558,2023-10-08,CUST558,Femenino,41,Ropa,1,25,25
559,2023-01-01,CUST559,Femenino,40,Ropa,4,300,1200
560,2023-06-05,CUST560,Femenino,25,Electrónica,1,50,50
561,2023-05-27,CUST561,Femenino,64,Ropa,4,500,2000
562,2023-04-18,CUST562,Masculino,54,Electrónica,2,25,50
563,2023-08-09,CUST563,Masculino,20,Ropa,2,30,60
564,2023-10-24,CUST564,Masculino,50,Electrónica,2,50,100
565,2023-11-07,CUST565,Femenino,45,Belleza,2,30,60
566,2023-12-02,CUST566,Femenino,64,Ropa,1,30,30
567,2023-06-14,CUST567,Femenino,25,Ropa,3,300,900
568,2023-08-27,CUST568,Femenino,51,Electrónica,1,300,300
569,2023-08-15,CUST569,Masculino,52,Electrónica,4,50,200
570,2023-08-15,CUST570,Masculino,49,Ropa,1,500,500
571,2023-12-12,CUST571,Femenino,41,Electrónica,1,50,50
572,2023-04-20,CUST572,Masculino,31,Ropa,4,500,2000
573,2023-09-19,CUST573,Masculino,49,Belleza,2,30,60
574,2023-08-31,CUST574,Femenino,63,Electrónica,2,25,50
575,2023-03-28,CUST575,Masculino,60,Ropa,2,50,100
576,2023-12-04,CUST576,Femenino,33,Belleza,3,50,150
577,2023-02-13,CUST577,Masculino,21,Belleza,4,500,2000
578,2023-05-26,CUST578,Femenino,54,Ropa,4,30,120
579,2023-09-21,CUST579,Femenino,38,Electrónica,1,30,30
580,2023-12-06,CUST580,Femenino,31,Ropa,3,500,1500
581,2023-11-21,CUST581,Femenino,48,Belleza,2,30,60
582,2023-11-14,CUST582,Masculino,35,Ropa,3,300,900
583,2023-06-21,CUST583,Femenino,24,Electrónica,4,25,100
584,2023-02-17,CUST584,Femenino,27,Belleza,4,50,200
585,2023-05-01,CUST585,Femenino,24,Ropa,1,25,25
586,2023-12-11,CUST586,Masculino,50,Electrónica,1,50,50
587,2023-06-08,CUST587,Femenino,40,Belleza,4,300,1200
588,2023-04-26,CUST588,Masculino,38,Electrónica,2,30,60
589,2023-04-12,CUST589,Femenino,36,Belleza,2,500,1000
590,2023-03-17,CUST590,Masculino,36,Ropa,3,300,900
591,2023-01-13,CUST591,Masculino,53,Electrónica,4,25,100
592,2023-01-24,CUST592,Femenino,46,Belleza,4,500,2000
593,2023-05-06,CUST593,Masculino,35,Electrónica,2,30,60
594,2023-09-01,CUST594,Femenino,19,Electrónica,2,300,600
595,2023-11-09,CUST595,Femenino,18,Ropa,4,500,2000
596,2023-02-07,CUST596,Femenino,64,Electrónica,1,300,300
597,2023-08-22,CUST597,Masculino,22,Belleza,4,300,1200
598,2023-08-01,CUST598,Masculino,37,Belleza,4,30,120
599,2023-11-19,CUST599,Femenino,28,Belleza,2,50,100
600,2023-10-22,CUST600,Femenino,59,Belleza,2,500,1000
601,2023-04-10,CUST601,Masculino,19,Ropa,1,30,30
602,2023-12-23,CUST602,Femenino,20,Electrónica,1,300,300
603,2023-07-16,CUST603,Femenino,40,Ropa,3,30,90
604,2023-09-11,CUST604,Femenino,29,Electrónica,4,50,200
605,2023-07-24,CUST605,Masculino,37,Electrónica,2,500,1000
606,2023-05-05,CUST606,Masculino,22,Electrónica,1,50,50
607,2023-03-17,CUST607,Masculino,54,Ropa,3,25,75
608,2023-12-02,CUST608,Femenino,55,Electrónica,3,500,1500
609,2023-12-19,CUST609,Femenino,47,Ropa,2,50,100
610,2023-01-03,CUST610,Femenino,26,Belleza,2,300,600
611,2023-02-24,CUST611,Masculino,51,Belleza,3,500,1500
612,2023-08-06,CUST612,Femenino,61,Electrónica,1,500,500
613,2023-04-23,CUST613,Femenino,52,Ropa,3,30,90
614,2023-04-01,CUST614,Femenino,39,Belleza,4,300,1200
615,2023-12-23,CUST615,Femenino,61,Ropa,4,25,100
616,2023-09-23,CUST616,Masculino,41,Ropa,2,50,100
617,2023-08-26,CUST617,Masculino,34,Electrónica,1,30,30
618,2023-01-26,CUST618,Femenino,27,Belleza,1,50,50
619,2023-10-13,CUST619,Masculino,47,Electrónica,4,25,100
620,2023-05-08,CUST620,Masculino,63,Electrónica,3,25,75
621,2023-03-04,CUST621,Femenino,40,Belleza,2,500,1000
622,2023-08-22,CUST622,Femenino,49,Belleza,3,25,75
623,2023-03-10,CUST623,Masculino,34,Ropa,3,50,150
624,2023-08-26,CUST624,Femenino,34,Belleza,3,300,900
625,2023-12-08,CUST625,Masculino,31,Ropa,1,300,300
626,2023-09-29,CUST626,Femenino,26,Ropa,4,500,2000
627,2023-10-14,CUST627,Masculino,57,Ropa,1,50,50
628,2023-11-01,CUST628,Femenino,19,Belleza,4,50,200
629,2023-06-12,CUST629,Masculino,62,Electrónica,2,25,50
630,2023-08-15,CUST630,Masculino,42,Ropa,2,50,100
631,2023-11-10,CUST631,Masculino,56,Electrónica,3,30,90
632,2023-09-16,CUST632,Femenino,26,Electrónica,4,25,100
633,2023-08-07,CUST633,Masculino,39,Belleza,4,30,120
634,2023-10-08,CUST634,Masculino,60,Electrónica,4,500,2000
635,2023-08-17,CUST635,Femenino,63,Electrónica,3,300,900
636,2023-03-23,CUST636,Femenino,21,Belleza,3,500,1500
637,2023-09-01,CUST637,Masculino,43,Ropa,2,300,600
638,2023-08-19,CUST638,Masculino,46,Electrónica,1,500,500
639,2023-05-13,CUST639,Femenino,62,Belleza,4,50,200
640,2023-05-07,CUST640,Femenino,51,Electrónica,4,30,120
641,2023-11-23,CUST641,Femenino,40,Electrónica,1,300,300
642,2023-05-22,CUST642,Femenino,54,Ropa,4,25,100
643,2023-09-24,CUST643,Femenino,28,Electrónica,3,30,90
644,2023-09-06,CUST644,Masculino,23,Belleza,3,25,75
645,2023-11-17,CUST645,Femenino,35,Electrónica,4,30,120
646,2023-05-03,CUST646,Masculino,38,Ropa,3,30,90
647,2023-05-21,CUST647,Masculino,59,Ropa,3,500,1500
648,2023-08-14,CUST648,Masculino,53,Belleza,4,300,1200
649,2023-02-09,CUST649,Femenino,58,Ropa,2,300,600
650,2024-01-01,CUST650,Masculino,55,Electrónica,1,30,30
651,2023-05-27,CUST651,Masculino,51,Ropa,3,50,150
652,2023-05-01,CUST652,Femenino,34,Belleza,2,50,100
653,2023-05-20,CUST653,Masculino,54,Ropa,3,25,75
654,2023-06-21,CUST654,Masculino,42,Ropa,3,25,75
655,2023-06-13,CUST655,Femenino,55,Ropa,1,500,500
656,2023-10-04,CUST656,Masculino,29,Belleza,3,30,90
657,2023-02-11,CUST657,Masculino,40,Ropa,1,25,25
658,2023-03-12,CUST658,Masculino,59,Ropa,1,25,25
659,2023-03-19,CUST659,Femenino,39,Electrónica,1,30,30
660,2023-04-29,CUST660,Femenino,38,Belleza,2,500,1000
661,2023-07-16,CUST661,Femenino,44,Ropa,4,25,100
662,2023-12-22,CUST662,Masculino,48,Belleza,2,500,1000
663,2023-03-20,CUST663,Masculino,23,Ropa,4,300,1200
664,2023-12-28,CUST664,Femenino,44,Ropa,4,500,2000
665,2023-04-20,CUST665,Masculino,57,Ropa,1,50,50
666,2023-02-02,CUST666,Masculino,51,Electrónica,3,50,150
667,2023-08-01,CUST667,Femenino,29,Electrónica,1,500,500
668,2023-07-28,CUST668,Femenino,62,Electrónica,3,50,150
669,2023-06-19,CUST669,Masculino,24,Belleza,4,300,1200
670,2023-10-05,CUST670,Masculino,27,Belleza,1,30,30
671,2023-08-27,CUST671,Masculino,62,Electrónica,3,50,150
672,2023-08-01,CUST672,Femenino,34,Belleza,2,50,100
673,2023-02-01,CUST673,Femenino,43,Ropa,3,500,1500
674,2023-04-16,CUST674,Femenino,38,Ropa,1,300,300
675,2023-08-04,CUST675,Femenino,45,Ropa,2,30,60
676,2023-07-19,CUST676,Masculino,63,Electrónica,3,500,1500
677,2023-10-27,CUST677,Femenino,19,Belleza,3,500,1500
678,2023-12-23,CUST678,Femenino,60,Electrónica,3,300,900
679,2023-01-11,CUST679,Femenino,18,Belleza,3,30,90
680,2023-10-22,CUST680,Femenino,53,Ropa,3,300,900
681,2023-07-14,CUST681,Femenino,43,Electrónica,2,30,60
682,2023-09-02,CUST682,Masculino,46,Belleza,4,300,1200
683,2023-01-04,CUST683,Masculino,38,Belleza,2,500,1000
684,2023-06-30,CUST684,Femenino,28,Ropa,2,500,1000
685,2023-06-02,CUST685,Masculino,57,Electrónica,2,25,50
686,2023-07-19,CUST686,Femenino,28,Electrónica,4,50,200
687,2023-08-03,CUST687,Femenino,53,Electrónica,1,300,300
688,2023-10-03,CUST688,Masculino,56,Ropa,4,25,100
689,2023-10-07,CUST689,Masculino,57,Electrónica,2,50,100
690,2023-11-05,CUST690,Femenino,52,Ropa,3,300,900
691,2023-04-23,CUST691,Femenino,51,Ropa,3,30,90
692,2023-09-07,CUST692,Femenino,64,Ropa,2,50,100
693,2023-04-23,CUST693,Masculino,41,Belleza,3,500,1500
694,2023-05-20,CUST694,Femenino,39,Electrónica,2,25,50
695,2023-08-12,CUST695,Femenino,22,Electrónica,3,50,150
696,2023-09-06,CUST696,Femenino,50,Ropa,4,50,200
697,2023-01-15,CUST697,Masculino,53,Ropa,1,500,500
698,2023-07-19,CUST698,Femenino,64,Electrónica,1,300,300
699,2023-06-22,CUST699,Femenino,37,Ropa,4,30,120
700,2023-12-09,CUST700,Masculino,36,Electrónica,4,500,2000
701,2023-12-14,CUST701,Femenino,52,Belleza,2,30,60
702,2023-07-27,CUST702,Femenino,60,Ropa,2,300,600
703,2023-03-26,CUST703,Masculino,34,Electrónica,2,50,100
704,2023-08-28,CUST704,Femenino,62,Ropa,3,30,90
705,2023-03-07,CUST705,Masculino,60,Electrónica,2,25,50
706,2023-11-15,CUST706,Masculino,51,Electrónica,4,25,100
707,2023-10-01,CUST707,Femenino,26,Ropa,1,500,500
708,2023-01-14,CUST708,Femenino,43,Belleza,3,300,900
709,2023-07-21,CUST709,Femenino,19,Electrónica,2,500,1000
710,2023-10-31,CUST710,Femenino,26,Electrónica,3,500,1500
711,2023-10-16,CUST711,Masculino,26,Electrónica,3,500,1500
712,2023-12-06,CUST712,Femenino,57,Belleza,2,25,50
713,2023-01-14,CUST713,Masculino,34,Belleza,3,25,75
714,2023-02-12,CUST714,Femenino,18,Ropa,1,500,500
715,2023-11-26,CUST715,Femenino,42,Belleza,4,25,100
716,2023-08-08,CUST716,Femenino,60,Ropa,4,300,1200
717,2023-03-11,CUST717,Masculino,57,Ropa,1,500,500
718,2023-08-25,CUST718,Femenino,59,Belleza,3,25,75
719,2023-04-04,CUST719,Femenino,42,Ropa,2,30,60
720,2023-01-26,CUST720,Femenino,56,Belleza,3,500,1500
721,2023-05-14,CUST721,Femenino,52,Ropa,1,500,500
722,2023-07-14,CUST722,Masculino,20,Belleza,3,300,900
723,2023-06-17,CUST723,Femenino,54,Belleza,4,50,200
724,2023-04-19,CUST724,Masculino,61,Ropa,3,50,150
725,2023-08-21,CUST725,Masculino,61,Electrónica,1,300,300
726,2023-06-17,CUST726,Masculino,47,Ropa,4,300,1200
727,2023-06-22,CUST727,Masculino,55,Belleza,3,300,900
728,2023-07-14,CUST728,Masculino,51,Electrónica,3,50,150
729,2023-05-23,CUST729,Masculino,29,Ropa,4,300,1200
730,2023-08-04,CUST730,Femenino,36,Ropa,2,25,50
731,2023-05-10,CUST731,Masculino,54,Ropa,4,500,2000
732,2023-02-11,CUST732,Masculino,61,Electrónica,2,500,1000
733,2023-08-29,CUST733,Masculino,34,Belleza,1,30,30
734,2023-01-10,CUST734,Femenino,27,Ropa,1,30,30
735,2023-10-04,CUST735,Femenino,64,Ropa,4,500,2000
736,2023-01-27,CUST736,Masculino,29,Ropa,4,25,100
737,2023-06-29,CUST737,Femenino,33,Ropa,1,50,50
738,2023-04-25,CUST738,Masculino,41,Ropa,2,50,100
739,2023-11-29,CUST739,Masculino,36,Belleza,1,25,25
740,2023-02-05,CUST740,Femenino,25,Belleza,4,50,200
741,2023-11-30,CUST741,Masculino,48,Ropa,1,300,300
742,2023-01-21,CUST742,Femenino,38,Electrónica,4,500,2000
743,2023-01-16,CUST743,Femenino,34,Belleza,4,500,2000
744,2023-05-07,CUST744,Masculino,40,Electrónica,1,25,25
745,2023-04-13,CUST745,Masculino,54,Belleza,2,50,100
746,2023-01-11,CUST746,Femenino,33,Ropa,3,30,90
747,2023-11-15,CUST747,Masculino,23,Belleza,1,30,30
748,2023-03-20,CUST748,Masculino,25,Ropa,3,50,150
749,2023-05-03,CUST749,Masculino,42,Belleza,1,30,30
750,2023-03-06,CUST750,Femenino,35,Ropa,3,25,75
751,2023-08-31,CUST751,Femenino,42,Ropa,2,25,50
752,2023-12-09,CUST752,Masculino,29,Ropa,2,50,100
753,2023-02-28,CUST753,Femenino,32,Ropa,1,30,30
754,2023-10-16,CUST754,Femenino,43,Electrónica,4,25,100
755,2023-04-22,CUST755,Femenino,58,Ropa,3,25,75
756,2023-08-27,CUST756,Femenino,62,Electrónica,4,300,1200
757,2023-12-25,CUST757,Femenino,43,Electrónica,4,300,1200
758,2023-05-12,CUST758,Masculino,64,Ropa,4,25,100
759,2023-07-08,CUST759,Masculino,49,Electrónica,2,50,100
760,2023-03-27,CUST760,Masculino,27,Belleza,1,500,500
761,2023-11-07,CUST761,Femenino,33,Ropa,1,500,500
762,2023-11-07,CUST762,Femenino,24,Electrónica,2,25,50
763,2023-02-28,CUST763,Masculino,34,Ropa,2,25,50
764,2023-03-25,CUST764,Femenino,40,Ropa,1,25,25
765,2023-06-09,CUST765,Masculino,43,Ropa,4,50,200
766,2023-02-25,CUST766,Masculino,38,Electrónica,3,300,900
767,2023-10-24,CUST767,Masculino,39,Belleza,3,25,75
768,2023-01-14,CUST768,Femenino,24,Belleza,3,25,75
769,2023-06-09,CUST769,Femenino,31,Electrónica,4,30,120
770,2023-10-22,CUST770,Masculino,32,Ropa,1,50,50
771,2023-12-13,CUST771,Masculino,24,Electrónica,2,25,50
772,2023-07-12,CUST772,Masculino,26,Electrónica,1,30,30
773,2023-07-23,CUST773,Masculino,25,Electrónica,4,500,2000
774,2023-04-12,CUST774,Femenino,40,Ropa,2,25,50
775,2023-02-08,CUST775,Femenino,46,Electrónica,4,25,100
776,2023-10-31,CUST776,Masculino,35,Ropa,3,30,90
777,2023-12-20,CUST777,Masculino,48,Electrónica,3,50,150
778,2023-11-18,CUST778,Femenino,47,Belleza,4,25,100
779,2023-05-05,CUST779,Femenino,56,Electrónica,2,500,1000
780,2023-02-22,CUST780,Masculino,52,Electrónica,2,25,50
781,2023-12-23,CUST781,Masculino,35,Belleza,1,500,500
782,2023-06-04,CUST782,Masculino,59,Ropa,3,300,900
783,2023-12-17,CUST783,Femenino,56,Ropa,1,300,300
784,2023-11-04,CUST784,Femenino,34,Electrónica,1,500,500
785,2023-03-03,CUST785,Femenino,31,Belleza,4,50,200
786,2023-10-17,CUST786,Masculino,48,Ropa,4,25,100
787,2023-01-22,CUST787,Masculino,41,Electrónica,1,25,25
788,2023-06-27,CUST788,Femenino,52,Belleza,3,300,900
789,2023-09-30,CUST789,Femenino,61,Ropa,4,500,2000
790,2023-08-08,CUST790,Masculino,62,Ropa,1,25,25
791,2023-12-05,CUST791,Femenino,51,Belleza,1,25,25
792,2023-07-09,CUST792,Femenino,20,Belleza,1,50,50
793,2023-02-05,CUST793,Masculino,54,Belleza,1,30,30
794,2023-09-17,CUST794,Femenino,60,Belleza,1,300,300
795,2023-11-28,CUST795,Masculino,57,Electrónica,1,300,300
796,2023-06-24,CUST796,Masculino,43,Belleza,4,30,120
797,2023-01-07,CUST797,Masculino,40,Ropa,3,25,75
798,2023-08-04,CUST798,Masculino,61,Ropa,1,50,50
799,2023-09-08,CUST799,Masculino,56,Electrónica,2,50,100
800,2023-02-24,CUST800,Masculino,32,Ropa,4,300,1200
801,2023-08-10,CUST801,Masculino,21,Ropa,4,50,200
802,2023-07-05,CUST802,Femenino,46,Belleza,1,30,30
803,2023-11-22,CUST803,Masculino,39,Ropa,4,25,100
804,2023-08-24,CUST804,Masculino,42,Electrónica,1,30,30
805,2023-12-29,CUST805,Femenino,30,Belleza,3,500,1500
806,2023-03-20,CUST806,Femenino,35,Belleza,3,300,900
807,2023-08-11,CUST807,Femenino,50,Electrónica,4,50,200
808,2023-04-01,CUST808,Masculino,33,Belleza,4,500,2000
809,2023-09-25,CUST809,Femenino,62,Belleza,2,50,100
810,2023-11-30,CUST810,Masculino,59,Electrónica,4,25,100
811,2023-05-19,CUST811,Masculino,61,Belleza,2,25,50
812,2023-11-12,CUST812,Masculino,19,Electrónica,3,25,75
813,2023-10-03,CUST813,Masculino,52,Electrónica,3,50,150
814,2023-09-05,CUST814,Femenino,59,Ropa,1,500,500
815,2023-08-27,CUST815,Femenino,51,Ropa,3,25,75
816,2023-08-12,CUST816,Masculino,47,Belleza,2,500,1000
817,2023-10-31,CUST817,Masculino,30,Belleza,4,50,200
818,2023-05-18,CUST818,Masculino,30,Electrónica,1,500,500
819,2023-06-15,CUST819,Femenino,35,Belleza,2,50,100
820,2023-05-06,CUST820,Masculino,49,Electrónica,4,50,200
821,2023-02-14,CUST821,Masculino,49,Electrónica,1,300,300
822,2023-05-23,CUST822,Femenino,52,Belleza,3,50,150
823,2023-08-19,CUST823,Femenino,56,Electrónica,2,50,100
824,2023-05-05,CUST824,Masculino,63,Ropa,4,30,120
825,2023-08-26,CUST825,Femenino,46,Belleza,1,25,25
826,2023-10-19,CUST826,Femenino,46,Ropa,1,300,300
827,2023-11-09,CUST827,Masculino,61,Belleza,3,300,900
828,2023-12-09,CUST828,Femenino,33,Electrónica,4,300,1200
829,2023-07-14,CUST829,Masculino,61,Belleza,3,30,90
830,2023-06-22,CUST830,Femenino,64,Ropa,3,50,150
831,2023-01-15,CUST831,Masculino,27,Electrónica,4,25,100
832,2023-09-11,CUST832,Masculino,47,Belleza,4,500,2000
833,2023-06-16,CUST833,Masculino,42,Belleza,4,50,200
834,2023-04-04,CUST834,Femenino,56,Belleza,2,30,60
835,2023-09-07,CUST835,Masculino,37,Ropa,4,50,200
836,2023-04-19,CUST836,Femenino,22,Ropa,1,50,50
837,2023-07-01,CUST837,Masculino,18,Belleza,3,30,90
838,2023-05-13,CUST838,Masculino,47,Electrónica,2,300,600
839,2023-06-24,CUST839,Femenino,20,Electrónica,4,300,1200
840,2023-05-24,CUST840,Masculino,62,Ropa,2,25,50
841,2023-11-02,CUST841,Masculino,31,Electrónica,4,25,100
842,2023-12-26,CUST842,Femenino,47,Ropa,2,300,600
843,2023-05-22,CUST843,Masculino,21,Belleza,3,500,1500
844,2023-10-12,CUST844,Masculino,35,Ropa,3,50,150
845,2023-01-06,CUST845,Masculino,54,Ropa,1,500,500
846,2023-09-22,CUST846,Masculino,42,Belleza,1,50,50
847,2023-04-08,CUST847,Femenino,18,Electrónica,4,300,1200
848,2023-02-13,CUST848,Femenino,63,Ropa,3,25,75
849,2023-05-04,CUST849,Masculino,32,Ropa,2,25,50
850,2023-07-28,CUST850,Femenino,26,Belleza,2,500,1000
851,2023-09-08,CUST851,Masculino,32,Electrónica,2,25,50
852,2023-10-12,CUST852,Femenino,41,Ropa,1,300,300
853,2023-05-04,CUST853,Masculino,21,Belleza,2,500,1000
854,2023-12-20,CUST854,Masculino,29,Ropa,1,50,50
855,2023-09-01,CUST855,Masculino,54,Belleza,1,25,25
856,2023-11-27,CUST856,Masculino,54,Electrónica,4,30,120
857,2023-12-31,CUST857,Masculino,60,Electrónica,2,25,50
858,2023-09-09,CUST858,Masculino,23,Electrónica,2,50,100
859,2023-08-18,CUST859,Femenino,56,Electrónica,3,500,1500
860,2023-01-09,CUST860,Masculino,63,Ropa,4,50,200
861,2023-02-17,CUST861,Femenino,41,Ropa,3,30,90
862,2023-05-31,CUST862,Masculino,28,Electrónica,4,300,1200
863,2023-04-24,CUST863,Femenino,30,Electrónica,2,25,50
864,2023-07-27,CUST864,Femenino,51,Electrónica,1,500,500
865,2023-12-21,CUST865,Femenino,42,Ropa,1,300,300
866,2023-05-05,CUST866,Masculino,24,Electrónica,1,50,50
867,2023-06-06,CUST867,Masculino,21,Electrónica,1,500,500
868,2023-12-06,CUST868,Femenino,25,Electrónica,1,300,300
869,2023-10-25,CUST869,Masculino,37,Belleza,3,500,1500
870,2023-07-08,CUST870,Femenino,46,Electrónica,4,30,120
871,2023-08-31,CUST871,Masculino,62,Belleza,2,30,60
872,2023-10-11,CUST872,Femenino,63,Belleza,3,25,75
873,2023-09-29,CUST873,Femenino,27,Electrónica,4,25,100
874,2023-06-26,CUST874,Masculino,60,Belleza,1,30,30
875,2023-08-06,CUST875,Femenino,51,Electrónica,4,500,2000
876,2023-10-09,CUST876,Masculino,43,Ropa,4,30,120
877,2023-06-19,CUST877,Femenino,58,Ropa,1,25,25
878,2023-06-30,CUST878,Femenino,20,Ropa,1,30,30
879,2023-12-26,CUST879,Masculino,23,Ropa,1,30,30
880,2023-08-21,CUST880,Masculino,22,Belleza,2,500,1000
881,2023-05-19,CUST881,Masculino,22,Electrónica,1,300,300
882,2023-06-06,CUST882,Femenino,64,Electrónica,2,25,50
883,2023-05-09,CUST883,Masculino,40,Electrónica,1,500,500
884,2023-04-29,CUST884,Femenino,26,Ropa,2,30,60
885,2023-03-03,CUST885,Femenino,52,Ropa,4,30,120
886,2023-04-09,CUST886,Masculino,37,Electrónica,3,300,900
887,2023-06-11,CUST887,Masculino,59,Ropa,4,25,100
888,2023-03-03,CUST888,Femenino,52,Electrónica,4,25,100
889,2023-10-02,CUST889,Femenino,35,Electrónica,1,50,50
890,2023-12-20,CUST890,Masculino,34,Electrónica,2,25,50
891,2023-04-05,CUST891,Masculino,41,Electrónica,3,300,900
892,2023-04-09,CUST892,Masculino,20,Electrónica,1,50,50
893,2023-04-21,CUST893,Masculino,49,Electrónica,1,50,50
894,2023-09-05,CUST894,Masculino,52,Electrónica,1,30,30
895,2023-05-22,CUST895,Femenino,55,Ropa,4,30,120
896,2023-10-29,CUST896,Femenino,30,Electrónica,2,25,50
897,2023-09-26,CUST897,Femenino,64,Electrónica,2,50,100
898,2023-11-02,CUST898,Femenino,42,Ropa,3,30,90
899,2023-05-25,CUST899,Masculino,26,Ropa,2,300,600
900,2023-02-21,CUST900,Masculino,21,Ropa,2,30,60
901,2023-04-10,CUST901,Masculino,31,Electrónica,1,30,30
902,2023-06-01,CUST902,Femenino,54,Belleza,1,50,50
903,2023-04-27,CUST903,Femenino,51,Belleza,4,50,200
904,2023-07-04,CUST904,Masculino,28,Ropa,1,500,500
905,2023-04-02,CUST905,Masculino,58,Belleza,1,300,300
906,2023-06-04,CUST906,Femenino,20,Ropa,1,50,50
907,2023-01-08,CUST907,Femenino,45,Electrónica,1,25,25
908,2023-12-29,CUST908,Masculino,46,Belleza,4,300,1200
909,2023-10-01,CUST909,Masculino,26,Electrónica,1,300,300
910,2023-03-06,CUST910,Femenino,20,Belleza,3,50,150
911,2023-05-21,CUST911,Masculino,42,Electrónica,3,300,900
912,2023-01-24,CUST912,Masculino,51,Belleza,3,50,150
913,2023-01-28,CUST913,Masculino,29,Electrónica,3,30,90
914,2023-10-11,CUST914,Femenino,59,Electrónica,1,500,500
915,2023-05-30,CUST915,Femenino,26,Belleza,3,30,90
916,2023-12-24,CUST916,Femenino,32,Electrónica,1,50,50
917,2023-03-06,CUST917,Femenino,57,Electrónica,4,50,200
918,2023-11-23,CUST918,Femenino,42,Electrónica,3,30,90
919,2023-09-09,CUST919,Femenino,22,Belleza,2,25,50
920,2023-02-22,CUST920,Femenino,28,Belleza,3,25,75
921,2023-01-07,CUST921,Masculino,51,Electrónica,3,25,75
922,2023-10-21,CUST922,Masculino,41,Electrónica,1,50,50
923,2023-05-26,CUST923,Masculino,32,Belleza,3,300,900
924,2023-08-29,CUST924,Masculino,55,Belleza,2,50,100
925,2023-09-03,CUST925,Masculino,25,Electrónica,1,300,300
926,2023-08-14,CUST926,Masculino,22,Electrónica,1,30,30
927,2023-06-24,CUST927,Masculino,43,Electrónica,4,500,2000
928,2023-04-05,CUST928,Femenino,35,Ropa,4,300,1200
929,2023-01-27,CUST929,Femenino,23,Belleza,3,25,75
930,2023-05-10,CUST930,Masculino,54,Ropa,4,50,200
931,2023-09-02,CUST931,Masculino,30,Belleza,4,30,120
932,2023-02-28,CUST932,Femenino,45,Belleza,4,25,100
933,2023-02-03,CUST933,Masculino,22,Belleza,1,30,30
934,2023-07-25,CUST934,Masculino,30,Belleza,1,500,500
935,2023-09-09,CUST935,Femenino,34,Belleza,1,50,50
936,2023-02-07,CUST936,Masculino,57,Belleza,4,50,200
937,2023-10-23,CUST937,Femenino,62,Belleza,1,500,500
938,2023-11-19,CUST938,Masculino,49,Ropa,4,50,200
939,2023-12-18,CUST939,Femenino,46,Electrónica,1,300,300
940,2023-01-28,CUST940,Femenino,20,Electrónica,1,30,30
941,2023-03-19,CUST941,Femenino,57,Ropa,2,25,50
942,2023-03-18,CUST942,Masculino,51,Ropa,3,500,1500
943,2023-10-16,CUST943,Femenino,57,Ropa,4,300,1200
944,2023-06-05,CUST944,Masculino,44,Ropa,2,25,50
945,2023-02-13,CUST945,Masculino,30,Belleza,1,25,25
946,2023-05-08,CUST946,Masculino,62,Electrónica,4,500,2000
947,2023-03-02,CUST947,Masculino,50,Belleza,1,300,300
948,2023-10-13,CUST948,Femenino,23,Electrónica,3,25,75
949,2023-08-02,CUST949,Femenino,41,Electrónica,2,25,50
950,2023-11-07,CUST950,Masculino,36,Ropa,3,300,900
951,2023-11-02,CUST951,Masculino,33,Belleza,2,50,100
952,2023-11-13,CUST952,Femenino,57,Ropa,1,25,25
953,2023-04-26,CUST953,Masculino,45,Belleza,3,30,90
954,2023-09-25,CUST954,Femenino,50,Electrónica,3,300,900
955,2023-07-14,CUST955,Masculino,58,Ropa,1,25,25
956,2023-08-19,CUST956,Masculino,30,Ropa,3,500,1500
957,2023-08-15,CUST957,Femenino,60,Electrónica,4,30,120
958,2023-06-02,CUST958,Masculino,62,Electrónica,2,25,50
959,2023-10-29,CUST959,Femenino,42,Electrónica,2,30,60
960,2023-08-08,CUST960,Masculino,59,Ropa,2,30,60
961,2023-06-06,CUST961,Masculino,53,Belleza,4,50,200
962,2023-10-19,CUST962,Masculino,44,Ropa,2,30,60
963,2023-11-14,CUST963,Femenino,55,Belleza,1,50,50
964,2023-01-31,CUST964,Masculino,24,Ropa,3,300,900
965,2023-11-09,CUST965,Masculino,22,Ropa,4,50,200
966,2023-02-20,CUST966,Masculino,60,Electrónica,2,500,1000
967,2023-04-17,CUST967,Masculino,62,Belleza,1,25,25
968,2023-11-17,CUST968,Femenino,48,Ropa,3,300,900
969,2023-04-19,CUST969,Femenino,40,Ropa,3,300,900
970,2023-05-16,CUST970,Masculino,59,Electrónica,4,500,2000
971,2023-12-05,CUST971,Femenino,27,Electrónica,4,50,200
972,2023-02-11,CUST972,Masculino,49,Belleza,4,25,100
973,2023-03-22,CUST973,Masculino,60,Ropa,1,50,50
974,2023-05-03,CUST974,Masculino,47,Belleza,1,30,30
975,2023-03-30,CUST975,Femenino,56,Ropa,4,50,200
976,2023-10-10,CUST976,Femenino,48,Belleza,2,300,600
977,2023-02-08,CUST977,Femenino,35,Electrónica,3,25,75
978,2023-03-22,CUST978,Femenino,53,Ropa,3,50,150
979,2023-01-02,CUST979,Femenino,19,Belleza,1,25,25
980,2023-07-29,CUST980,Femenino,31,Electrónica,3,25,75
981,2023-08-19,CUST981,Femenino,30,Electrónica,2,30,60
982,2023-12-19,CUST982,Femenino,46,Belleza,3,30,90
983,2023-11-01,CUST983,Femenino,29,Ropa,1,300,300
984,2023-08-29,CUST984,Masculino,56,Ropa,1,500,500
985,2023-05-30,CUST985,Femenino,19,Electrónica,2,25,50
986,2023-01-17,CUST986,Femenino,49,Ropa,2,500,1000
987,2023-04-29,CUST987,Femenino,30,Ropa,3,300,900
988,2023-05-28,CUST988,Femenino,63,Ropa,3,25,75
989,2023-12-28,CUST989,Femenino,44,Electrónica,1,25,25
990,2023-05-25,CUST990,Femenino,58,Belleza,2,500,1000
991,2023-12-26,CUST991,Femenino,34,Ropa,2,50,100
992,2023-08-21,CUST992,Femenino,57,Electrónica,2,30,60
993,2023-02-06,CUST993,Femenino,48,Electrónica,3,50,150
994,2023-12-18,CUST994,Femenino,51,Belleza,2,500,1000
995,2023-04-30,CUST995,Femenino,41,Ropa,1,30,30
996,2023-05-16,CUST996,Masculino,62,Ropa,1,50,50
997,2023-11-17,CUST997,Masculino,52,Belleza,3,30,90
998,2023-10-29,CUST998,Femenino,23,Belleza,4,25,100
999,2023-12-05,CUST999,Femenino,36,Electrónica,3,50,150
1000,2023-04-12,CUST1000,Masculino,47,Electrónica,4,30,120
